name,description,userId
"cetacean","Cum possimus accusantium velit delectus eaque eos dolor et rerum.",1
"snake","Asperiores quia tempora quis expedita officia architecto.",1
"snake","Debitis sed quia dicta sint pariatur consequuntur non mollitia culpa.",1
"bird","In consequatur ad in officia deserunt illo est quos.",1
"cetacean","Assumenda qui ipsum aliquam et maxime totam.",1
"crocodilia","Aut tenetur impedit quia nostrum consequatur.",1
"horse","Rerum quas occaecati ab voluptates libero ea explicabo.",1
"snake","Quidem eos fugit architecto deleniti ex voluptas.",1
"cetacean","Ab et ipsa velit et rem.",1
"horse","Voluptatem vero voluptatem assumenda excepturi voluptatem praesentium earum rerum placeat.",1
"snake","Reiciendis eligendi quos provident delectus sunt voluptas.",1
"cow","Eligendi eius autem deserunt totam.",1
"cetacean","Neque ut voluptatum aut expedita ad aliquam dolores.",1
"lion","Adipisci ut ipsum qui harum in et quo.",1
"rabbit","Velit voluptate nam vitae odio provident molestiae quas facere.",1
"horse","Distinctio nemo sunt.",1
"dog","Et a labore odio.",1
"cetacean","Voluptatibus quo doloribus explicabo temporibus ad eveniet id sed dolor.",1
"cetacean","Enim eveniet dicta.",1
"horse","Odit amet voluptas omnis qui sapiente maxime.",1
"bird","Sed atque provident quo quo dolor.",1
"cetacean","Doloremque sit et.",1
"cat","Dolorem iure sit voluptatem expedita occaecati.",1
"bear","Ratione accusantium quo est eum eius atque repellendus soluta laborum.",1
"insect","Maxime omnis nostrum itaque consectetur aut.",1
"fish","Consectetur quaerat non excepturi sapiente.",1
"crocodilia","Explicabo sed dolor.",1
"cetacean","Et sint aut omnis nisi quis laudantium aut dicta debitis.",1
"horse","Ut et eos id sed qui.",1
"horse","Aliquid aspernatur voluptatem quisquam quidem id totam laudantium.",1
"rabbit","Beatae velit ducimus.",1
"cow","Molestias et sed id blanditiis assumenda.",1
"lion","Eum itaque dicta aut in beatae incidunt non.",1
"crocodilia","Dicta numquam ab dolorem doloremque voluptatibus eum.",1
"insect","Aliquam accusamus doloremque suscipit eligendi est dolorem rerum accusantium.",1
"cow","Quia optio non eum dicta magni officia minima.",1
"insect","Earum sunt eligendi qui veniam.",1
"insect","Possimus atque dignissimos.",1
"insect","Et voluptas laudantium fuga.",1
"crocodilia","Ut pariatur et sint odio sint et et ipsa.",1
"rabbit","Officia non consequatur rem in error nihil consequuntur voluptate numquam.",1
"fish","Excepturi modi sit at et qui vel nihil.",1
"rabbit","Ex debitis natus voluptas ratione pariatur mollitia reprehenderit.",1
"cow","Voluptatum sed aliquid hic.",1
"snake","Itaque harum blanditiis tempore aut alias recusandae optio.",1
"cetacean","Dolorum eius rem rerum error blanditiis.",1
"cat","Quam quis id minima fugiat aspernatur.",1
"lion","Ab veniam dignissimos mollitia repellendus.",1
"dog","Corrupti maxime laudantium porro molestias.",1
"cow","Quos praesentium eos sunt.",1
"cow","Et cumque quo perspiciatis rerum magnam.",1
"bird","Autem deleniti aliquam occaecati laborum optio dolorum molestias sunt.",1
"bird","In voluptatem alias nostrum.",1
"dog","Eaque hic mollitia quos eum.",1
"cetacean","Omnis eligendi veniam dolore tempore asperiores officiis quia sunt.",1
"bird","Expedita eaque velit excepturi quis commodi reprehenderit et ad quam.",1
"rabbit","Deserunt laudantium molestiae ad et porro expedita.",1
"bear","Voluptatem quis qui recusandae esse et corporis omnis fugiat.",1
"horse","Dicta vel porro nobis laudantium.",1
"dog","Eum voluptatem beatae quidem maxime voluptas quia tenetur qui.",1
"horse","Laudantium nemo rerum.",1
"lion","Laborum illo dignissimos et.",1
"cetacean","Consequatur maiores vel voluptatum architecto aspernatur blanditiis vel fuga.",1
"dog","Et beatae consequatur a sed explicabo reiciendis omnis quidem.",1
"bear","Unde laudantium cum et.",1
"dog","Ea deserunt cupiditate veniam consequatur atque.",1
"horse","Porro in deserunt praesentium eaque et non.",1
"bird","Amet quia et corrupti impedit est qui id omnis ea.",1
"rabbit","Eaque consequatur quo consectetur laudantium qui sapiente sapiente occaecati veritatis.",1
"bear","Qui corporis ullam fuga quo officiis nostrum dolores laborum totam.",1
"rabbit","Ea ut adipisci autem qui.",1
"cow","Quos magnam aut quod omnis repellendus sed nisi amet iure.",1
"bird","Aut ea voluptates consequatur praesentium natus eius animi aut fugiat.",1
"snake","Nam sapiente et sed aut molestiae dolorum.",1
"fish","Accusantium recusandae provident tenetur voluptate.",1
"bear","Esse praesentium itaque et quia vel repudiandae est odio.",1
"horse","Animi ut id modi maiores.",1
"insect","Nihil inventore blanditiis ut.",1
"dog","Et tempora corporis corporis expedita.",1
"cetacean","Dicta in alias rerum voluptas id consequatur quasi non.",1
"bird","Eligendi ea dicta dolore.",1
"insect","Sequi quas dolorum corrupti accusantium ipsa aut alias ab dolorum.",1
"horse","Eum praesentium illum maxime et aspernatur.",1
"cow","Dolore placeat qui in ullam occaecati dolores id.",1
"lion","Architecto placeat laudantium voluptatem quia voluptatem nemo inventore.",1
"crocodilia","Id iusto voluptates quaerat odit eligendi porro.",1
"cat","Minima voluptas non sit voluptatibus eos.",1
"horse","Commodi quo atque ea quisquam saepe illum dolorum dolor sint.",1
"fish","Ad voluptatem eligendi fugit provident explicabo.",1
"cetacean","Et assumenda libero id saepe quo.",1
"cetacean","Reprehenderit cumque in ex qui.",1
"snake","Qui sint quia animi cupiditate consequatur corporis doloremque praesentium nisi.",1
"cat","Eveniet illo iusto voluptas.",1
"crocodilia","Repellat animi corrupti illo voluptates ut porro atque.",1
"horse","Consequatur praesentium fugit.",1
"fish","Ut fugit in expedita molestias ut accusantium iste.",1
"cetacean","Eius soluta tempore.",1
"dog","Beatae aspernatur dignissimos eveniet.",1
"lion","Pariatur molestias omnis natus dolorum dolore quaerat.",1
"fish","Dicta cumque autem omnis consequatur commodi quod.",1
"snake","Eligendi a aliquam veniam repellat aut eos doloribus harum.",1
"snake","Voluptas eos recusandae fugit vel autem.",1
"cetacean","Reiciendis et harum.",1
"cetacean","Corporis harum magnam.",1
"snake","Optio quis voluptas inventore repellat.",1
"cat","Cupiditate quod excepturi rerum laboriosam odio sapiente rerum eius sequi.",1
"crocodilia","Veritatis aut voluptatem numquam ea consequuntur commodi atque.",1
"insect","Aspernatur fugit et at reiciendis laudantium sit illo quibusdam laudantium.",1
"lion","Ipsam iusto sed ut quo.",1
"fish","Sapiente itaque et dolor.",1
"bear","Deserunt repellendus consectetur.",1
"dog","Aliquam tempora inventore libero et et.",1
"insect","Velit sequi ullam temporibus laborum fuga temporibus totam.",1
"horse","Consequuntur velit ea cumque laboriosam quo est est ut.",1
"snake","Et dolore ipsam qui qui voluptas est et dolorem.",1
"cetacean","Provident id perferendis reiciendis deleniti.",1
"cat","Eaque sit doloremque aspernatur perferendis eum amet.",1
"cow","Consequatur iste et repellat occaecati alias officiis facere et.",1
"horse","Voluptatem reiciendis enim placeat expedita dolorem libero.",1
"rabbit","Vero facere enim sed omnis amet non est quod quos.",1
"cow","Ut quis deserunt tempora quod non.",1
"snake","Expedita sint dolores fugiat magni ut et voluptas.",1
"cat","Quia et expedita exercitationem nemo quod.",1
"bird","Beatae pariatur quidem et est aperiam.",1
"bear","Qui voluptatem voluptatum et nostrum consequatur eligendi nostrum minima eligendi.",1
"insect","Veritatis perferendis reiciendis repellendus impedit aliquam veniam dolore voluptatem.",1
"lion","Nemo est voluptates et doloribus voluptatibus.",1
"snake","Blanditiis facilis consequuntur ad rerum.",1
"cetacean","Alias illum cupiditate dicta culpa.",1
"rabbit","Labore asperiores quasi.",1
"fish","Ut et incidunt facere et.",1
"horse","Qui nobis non.",1
"snake","Magnam reprehenderit excepturi totam laboriosam numquam.",1
"cetacean","Aut quidem qui aut nam sit et.",1
"cat","Natus nisi quod laboriosam id voluptatibus.",1
"bear","Consequatur nesciunt sunt aut nihil ea tempore facere illo autem.",1
"snake","Sapiente quia itaque nobis omnis est in.",1
"crocodilia","Voluptatum assumenda est consequatur.",1
"lion","Rerum aut et rerum voluptas quia asperiores quia quo.",1
"bird","Inventore sed sunt est mollitia aut eum pariatur ab aperiam.",1
"dog","Beatae placeat et voluptatibus aut eaque qui quod.",1
"cow","Illo aut iusto neque omnis harum repellendus est id dolores.",1
"cat","Culpa porro ex eum inventore ipsam.",1
"crocodilia","Ut corrupti accusantium amet.",1
"lion","Autem consequatur adipisci non quia fugiat ea alias autem autem.",1
"lion","Rem architecto quas quasi est similique iusto perspiciatis quaerat repellendus.",1
"snake","Ducimus molestiae et laboriosam voluptates distinctio est accusantium laudantium.",1
"fish","Nihil voluptates eum dolorum dolorem est ipsa iste.",1
"cat","A exercitationem non voluptatem odit vel corporis est rerum.",1
"crocodilia","Harum quaerat earum aut qui.",1
"snake","Earum aut nemo rerum dolore dolor ea veritatis.",1
"rabbit","Debitis officia ipsum aspernatur accusamus exercitationem sed.",1
"fish","Rerum unde vero dicta.",1
"rabbit","Et unde dicta molestias.",1
"rabbit","Qui quia perspiciatis officiis autem omnis enim magnam.",1
"fish","Porro accusamus quia ea dolor.",1
"insect","Et sint quia consequuntur vitae et et deserunt excepturi beatae.",1
"bear","Sit quidem natus et vel optio at eveniet.",1
"snake","Tenetur molestias accusantium odio.",1
"insect","Eligendi reprehenderit fugiat voluptatem.",1
"bird","Assumenda corrupti beatae voluptatibus.",1
"snake","Voluptatum sunt amet ab in.",1
"rabbit","Nobis ut repudiandae facere dolorem.",1
"crocodilia","Fuga non quae mollitia.",1
"bear","Est accusantium et atque facere pariatur corporis quam accusamus.",1
"cow","Cupiditate commodi dolorem sit vero sunt.",1
"cow","Itaque dolores et voluptatum ullam ea asperiores minima ea id.",1
"cat","Aut voluptatibus et nesciunt quisquam ipsum dicta.",1
"insect","Reiciendis autem consequuntur recusandae.",1
"lion","Nihil repellat inventore fugit eos.",1
"crocodilia","Tempore laudantium quia.",1
"insect","Consequuntur et aut natus quis et rerum et dolores.",1
"insect","Ipsum at recusandae temporibus eligendi qui quas quo.",1
"cetacean","Totam nam aliquid eos cupiditate.",1
"crocodilia","Praesentium vero quidem doloribus.",1
"rabbit","Est consequatur corporis.",1
"cat","Nihil tempora molestiae reiciendis vel ea autem.",1
"rabbit","Rem voluptate facere.",1
"cetacean","Ea laborum cum qui occaecati vel perferendis.",1
"fish","Voluptas consequatur ipsam quaerat sed est.",1
"lion","Quidem architecto voluptas porro laudantium laboriosam perferendis totam corrupti.",1
"cow","Et et numquam minus incidunt id voluptas.",1
"snake","Placeat perspiciatis rerum temporibus autem rerum quia.",1
"crocodilia","Minima sequi commodi earum qui.",1
"dog","Ipsum laboriosam voluptatum hic illum in et.",1
"lion","Expedita ut inventore minima unde veniam eius quisquam.",1
"rabbit","Placeat dolorem sequi eos blanditiis praesentium est optio.",1
"dog","Eaque voluptatibus rerum aut suscipit sed ut veniam maxime.",1
"horse","Voluptates quia libero est quibusdam.",1
"cetacean","Facere dolor earum est vitae nesciunt modi reprehenderit sapiente nobis.",1
"cat","Cumque saepe dolores tempora molestias.",1
"lion","Sapiente iure iure rem.",1
"horse","Ut et quia illo rem et adipisci ad provident.",1
"rabbit","Consequatur sed est neque consequatur reiciendis omnis rerum modi ullam.",1
"horse","Qui sunt est.",1
"horse","Explicabo non vero temporibus.",1
"cat","Sit reprehenderit quas corrupti est.",1
"fish","Ad nihil quis adipisci cupiditate perspiciatis.",1
"crocodilia","Dolores quos qui laboriosam consectetur error voluptas quo.",1
"cow","Natus est autem est ea quidem fugit.",1
"dog","Accusantium quae molestias ea totam temporibus veniam nostrum aspernatur corporis.",1
"horse","Et nobis iusto et voluptate dolores inventore aut aut molestias.",1
"bear","Dolorem et modi optio laboriosam iusto.",1
"snake","Totam facere necessitatibus adipisci est.",1
"fish","Aliquid cum cum ex et eum nihil repellat.",1
"cow","Rerum mollitia sunt.",1
"horse","A odit consequatur veniam excepturi tempora voluptas natus.",1
"rabbit","Atque officia rerum asperiores laborum quidem.",1
"dog","Qui beatae quaerat id esse.",1
"insect","Dolores omnis expedita quia.",1
"cetacean","Suscipit eius deserunt.",1
"crocodilia","Nisi ea quod officiis a tempore totam.",1
"fish","Ut unde praesentium amet occaecati eum.",1
"cat","Quibusdam delectus sit.",1
"bird","Perspiciatis quod provident exercitationem quia praesentium odit.",1
"lion","Aut ut est.",1
"snake","Et at sint.",1
"crocodilia","Enim laborum omnis sunt excepturi et nobis.",1
"rabbit","Eaque voluptas incidunt exercitationem voluptas est est perferendis quia.",1
"bird","Cupiditate qui delectus facere.",1
"insect","Autem illo dolore iure commodi velit quia.",1
"bird","Consequuntur eaque explicabo qui dolores delectus accusamus.",1
"rabbit","Voluptatum quasi maiores.",1
"lion","Nemo et fugiat nihil quia sed.",1
"bird","Doloribus assumenda repudiandae quia inventore temporibus voluptatibus non.",1
"dog","Aperiam rerum repellat eius harum repudiandae et ea.",1
"crocodilia","Omnis in laudantium voluptatem est dolorem architecto.",1
"insect","Omnis atque sit qui accusantium enim consequatur.",1
"horse","Ducimus aut odio nulla et debitis in aut excepturi.",1
"cetacean","Laudantium nostrum et.",1
"rabbit","Consectetur qui magnam sint quo.",1
"horse","Eos sint nobis qui quia veritatis enim eos quis nobis.",1
"lion","Assumenda earum molestias adipisci numquam.",1
"fish","Quis nostrum reprehenderit.",1
"insect","Est beatae et molestias dolor ipsum.",1
"bird","Omnis aut excepturi illum voluptatem.",1
"crocodilia","Aut veritatis eaque quo et totam.",1
"lion","Libero amet doloremque.",1
"cat","Et tempore voluptas sit occaecati consequatur labore dolorem.",1
"rabbit","Labore consequatur cupiditate et natus qui commodi maiores.",1
"dog","Laboriosam voluptatibus laborum consequuntur recusandae asperiores.",1
"bear","In reprehenderit aut adipisci dignissimos.",1
"snake","Dolorem voluptate voluptatem aut est ipsa.",1
"fish","Aut provident eum error.",1
"cow","Dolor est consequatur illum aut dolorum est dicta nesciunt.",1
"crocodilia","Illo ea porro excepturi et optio.",1
"fish","Expedita deleniti blanditiis quod.",1
"fish","Laboriosam totam inventore magni esse deserunt excepturi numquam.",1
"fish","Eos facere tempora aliquid.",1
"fish","Eos vitae commodi tempore odio ullam quisquam.",1
"lion","Rerum laudantium nulla nisi commodi.",1
"cat","Esse nam veritatis et nostrum exercitationem est.",1
"lion","Repudiandae hic in aspernatur.",1
"cat","Voluptate aliquid voluptatem eum est iure quas adipisci.",1
"rabbit","Delectus consectetur occaecati excepturi.",1
"cow","Quae iste saepe id est dolores incidunt.",1
"rabbit","Nihil dolore sunt fugiat quaerat temporibus sequi repudiandae.",1
"insect","Dolorem quasi necessitatibus iure quidem cumque.",1
"bear","Iure ut velit et et et delectus debitis vitae impedit.",1
"dog","Omnis praesentium explicabo eveniet et repudiandae nemo.",1
"cat","Vel molestiae quas voluptatibus quia eaque hic repellendus nisi.",1
"fish","Maiores ut expedita enim.",1
"cetacean","Quidem reiciendis quam voluptatem.",1
"fish","Aliquam ut dolore enim ipsum ipsa voluptates.",1
"crocodilia","Dicta facilis rem eveniet neque aut natus.",1
"dog","Aliquam vel maiores cumque consequatur id pariatur corporis voluptatem.",1
"dog","Est molestiae asperiores labore dolorem qui corrupti voluptatibus facilis quia.",1
"insect","Sed sunt voluptatem voluptas.",1
"rabbit","Repellat sit est quas.",1
"dog","Est consequatur non et dolores.",1
"bear","Similique a qui officiis sint veritatis.",1
"horse","Exercitationem nostrum voluptas libero odio ea et vitae sint nihil.",1
"snake","Dicta amet in molestiae nisi excepturi ducimus architecto laborum reprehenderit.",1
"cat","Ad voluptatem corrupti delectus qui pariatur sed repellat non in.",1
"fish","Omnis asperiores ipsam corporis voluptas unde voluptas exercitationem et.",1
"cetacean","Dicta ad minus molestiae est architecto sint consequatur explicabo.",1
"snake","Consequatur dolorum error quae et ratione labore cumque totam.",1
"horse","Enim molestiae in qui.",1
"cat","Soluta iste harum distinctio ut suscipit.",1
"cetacean","In accusamus sit.",1
"bear","Est ut sequi consequatur veritatis.",1
"snake","Ipsam quas qui sint.",1
"cow","Enim consequatur ipsum quasi.",1
"fish","Minima deleniti et.",1
"cow","Neque delectus dolorem ut nulla.",1
"fish","Quis dolor eligendi voluptatem mollitia nihil et sed.",1
"cetacean","Rerum dolor qui sunt laudantium et consequatur.",1
"insect","In quae rerum quidem.",1
"rabbit","Officia dolorem illo id et.",1
"crocodilia","Corrupti saepe provident laboriosam itaque.",1
"crocodilia","Sit aliquid in eaque facilis.",1
"rabbit","Sunt similique blanditiis necessitatibus voluptatibus itaque et soluta.",1
"cetacean","Maxime illo ut dicta a excepturi.",1
"bird","Assumenda est cum eos voluptas.",1
"cat","Unde laboriosam temporibus.",1
"horse","Quibusdam aut eum qui suscipit quia.",1
"fish","Culpa dolor expedita officia labore.",1
"insect","Enim quia illo consequuntur asperiores alias possimus et expedita officiis.",1
"insect","Ipsam occaecati dolores mollitia dolorem quam ut beatae officia.",1
"snake","Asperiores alias eos qui.",1
"horse","Voluptatem neque veniam.",1
"bear","Quibusdam molestiae soluta soluta quidem.",1
"lion","Et ad itaque facere vero beatae animi nam aut.",1
"insect","Nesciunt quis cum.",1
"insect","Aut quisquam rem qui ut est qui excepturi quis.",1
"cetacean","Recusandae et aspernatur porro debitis culpa amet.",1
"horse","Et consequatur molestias ut amet.",1
"fish","Est aut ab facilis rerum laudantium vel minima.",1
"fish","Temporibus sed sint et et consectetur.",1
"lion","Soluta ipsam magnam quisquam minus commodi optio hic itaque.",1
"bird","Ut dignissimos debitis hic numquam quisquam.",1
"fish","Pariatur non praesentium.",1
"cow","Sunt porro labore quis dolores quasi dolor provident.",1
"horse","Temporibus est delectus reiciendis sapiente recusandae omnis omnis consequatur.",1
"cetacean","Perspiciatis beatae aspernatur minus voluptatem beatae fugit laborum temporibus.",1
"rabbit","Ab et dolores et aspernatur.",1
"crocodilia","Repellat provident incidunt dolorem ratione quis.",1
"snake","Molestiae illo assumenda nemo consequatur at omnis sequi.",1
"cow","Et aut et.",1
"cow","Quia modi deserunt aspernatur minima omnis repellendus.",1
"cetacean","Dolor libero sunt.",1
"rabbit","Iure quisquam hic.",1
"dog","Debitis laudantium dignissimos ad modi in eos ea voluptas cum.",1
"bear","Iusto aliquid magni harum.",1
"bird","Optio quisquam error et illum est vitae debitis consequuntur quas.",1
"crocodilia","Maiores dolor id fugiat quas.",1
"crocodilia","Sit qui autem dolores rerum rerum tempora labore sint dignissimos.",1
"horse","Corporis voluptas laboriosam aperiam tenetur optio quod aut.",1
"bird","Qui cupiditate sed non doloremque modi beatae.",1
"fish","Rerum voluptates vel porro modi aliquid recusandae voluptas.",1
"lion","Id dolores commodi maxime eius ut officia vero optio.",1
"cetacean","Voluptate ipsa perspiciatis quae explicabo quis asperiores itaque quod.",1
"insect","Necessitatibus molestiae esse facere molestiae pariatur aliquam ut quo rerum.",1
"dog","Dignissimos veritatis rerum id autem ipsum est facere.",1
"crocodilia","Occaecati et odio distinctio rerum temporibus enim.",1
"fish","Quas magni quisquam numquam et officia.",1
"dog","Voluptas asperiores voluptatem molestias excepturi aut dolorem culpa qui.",1
"dog","Id id eligendi et facere aliquam.",1
"lion","Quaerat dolor atque.",1
"snake","Debitis error labore molestiae non nobis aperiam amet porro.",1
"dog","Eum aliquid quod sequi sint alias ullam aut libero.",1
"rabbit","Et incidunt nisi aliquid.",1
"lion","Corporis fugit beatae quia temporibus necessitatibus eveniet est consequatur odit.",1
"insect","Illo ratione nobis in suscipit aperiam qui consequatur incidunt et.",1
"bird","Quibusdam debitis ullam consectetur sed voluptatem doloremque fuga dolorem.",1
"snake","Magni omnis voluptatem et dolorem est.",1
"cetacean","Totam quos saepe magnam.",1
"crocodilia","Porro odio fugit deserunt sed veritatis velit sit sint ipsam.",1
"horse","Sed cupiditate dolorem.",1
"snake","Labore repudiandae et accusamus non neque.",1
"cat","Similique doloremque et neque quibusdam assumenda non.",1
"crocodilia","Perspiciatis voluptas nemo voluptatem occaecati alias.",1
"cat","Ea est et voluptatem ut numquam magnam.",1
"cetacean","Et dicta sunt.",1
"rabbit","Debitis assumenda assumenda eos voluptas hic numquam blanditiis sed.",1
"dog","Sint laboriosam fugit.",1
"crocodilia","Ratione quisquam architecto.",1
"cetacean","Maiores quisquam eveniet sunt velit voluptatem reiciendis nam.",1
"cetacean","Eum ut occaecati autem saepe.",1
"cow","Aut qui totam dicta unde.",1
"cat","Dignissimos facilis voluptatem maxime aperiam vero iusto.",1
"bird","Tenetur sit qui doloribus eum.",1
"bear","Repellat in voluptatem voluptas omnis.",1
"horse","Expedita delectus harum voluptatibus odit ut explicabo.",1
"rabbit","Cupiditate eos delectus qui animi facere vel ea.",1
"dog","Consequatur quod distinctio qui et placeat beatae architecto ipsam.",1
"cat","Qui inventore qui atque provident odit.",1
"dog","Eaque magni quos et non pariatur dolores cupiditate.",1
"snake","Perspiciatis nihil eum culpa deleniti voluptatem ipsum.",1
"insect","Adipisci eveniet ipsam quibusdam itaque doloribus soluta omnis.",1
"snake","Praesentium similique sunt unde voluptas.",1
"bear","Consectetur non praesentium deserunt laudantium quia est iste dolor maxime.",1
"fish","Quia et magnam eos magni non recusandae.",1
"snake","Sit saepe quaerat sapiente.",1
"cow","Accusamus eveniet fuga.",1
"cetacean","Corporis dicta porro quidem in aliquid id.",1
"insect","Ut consequatur numquam doloribus officiis qui nobis deleniti dolores repellat.",1
"crocodilia","Dolor est odit labore tenetur eaque et.",1
"insect","Beatae tempore ipsam aut sit magnam qui provident.",1
"cetacean","Molestiae quia voluptatem.",1
"crocodilia","Expedita facere et at qui corrupti expedita autem rerum sit.",1
"bird","Iste neque labore et velit.",1
"bird","Non possimus odit ea quis excepturi fugit nihil dolor.",1
"cetacean","Qui et rerum.",1
"dog","Harum unde debitis atque quidem consequuntur id.",1
"crocodilia","Corrupti non nisi magnam quod officiis.",1
"rabbit","Quisquam odio doloribus et quisquam maxime et deserunt harum.",1
"fish","Culpa assumenda est quis et quo iusto.",1
"horse","Quasi tenetur a minima voluptas sapiente necessitatibus nobis illo.",1
"fish","Quisquam dicta veniam aliquid non ea dicta.",1
"dog","Eum sequi eius vel inventore consequuntur in adipisci voluptatem necessitatibus.",1
"rabbit","Facilis sed earum quae adipisci dolorem.",1
"cow","Voluptatum in aspernatur quasi.",1
"crocodilia","Ullam voluptas architecto ipsum voluptatem distinctio.",1
"crocodilia","Animi aperiam consequatur.",1
"horse","Omnis quod rem commodi sed voluptas et dolore.",1
"cow","Debitis eius reprehenderit pariatur inventore praesentium sed voluptatibus eaque.",1
"insect","Inventore et praesentium consequatur odit quo et et.",1
"cow","Et nam quas maxime.",1
"crocodilia","Quaerat natus eaque fugit id in blanditiis.",1
"dog","Laborum quis alias et debitis soluta quis ex.",1
"cow","Officia a et rerum sit deleniti veniam.",1
"crocodilia","Nulla ut necessitatibus adipisci.",1
"fish","Impedit voluptate nesciunt distinctio id enim consequuntur dolore provident dignissimos.",1
"snake","Nobis ab consequatur eligendi similique.",1
"insect","Sed nihil et suscipit et odit minima vel et excepturi.",1
"insect","Libero et incidunt qui minima quod eaque perspiciatis ut.",1
"insect","Id est porro sunt.",1
"dog","Enim quasi qui autem reprehenderit et nam dolorem dolor quae.",1
"horse","Eos asperiores eveniet.",1
"bird","Et dolorem dicta labore quaerat fugit.",1
"insect","Neque ut libero ipsum eos repellendus sed quam sint ratione.",1
"fish","Aut dolorum fuga officia a in quaerat dolor dolore.",1
"fish","Consequatur rerum blanditiis in tempora qui.",1
"lion","In iusto eligendi explicabo velit.",1
"rabbit","Earum nemo laboriosam accusamus quis omnis.",1
"rabbit","Aut nobis vero.",1
"cow","Nulla ullam dolores accusamus autem voluptatem ipsam.",1
"fish","Expedita et pariatur qui maxime nesciunt modi fugiat totam.",1
"horse","Fuga fuga sapiente libero repellendus magnam rerum quis voluptatum necessitatibus.",1
"crocodilia","Ut non corporis dolores repellat.",1
"lion","Rerum iure impedit neque illum ab voluptas voluptatem consectetur quibusdam.",1
"lion","Maiores omnis maiores commodi in blanditiis in.",1
"dog","Fuga amet nam qui explicabo modi.",1
"crocodilia","Aut porro voluptatem ut eveniet qui.",1
"bird","Doloribus temporibus iusto officia.",1
"rabbit","Nihil a dolorum.",1
"cat","Esse dicta laudantium nobis laborum asperiores.",1
"crocodilia","Optio ex distinctio iusto quia quia ducimus odio qui.",1
"snake","Deserunt temporibus quisquam blanditiis voluptatem.",1
"cetacean","Repellat deserunt fugiat adipisci dolore ducimus.",1
"insect","Sit maxime explicabo quas ipsum incidunt laudantium iusto.",1
"snake","Dolorem optio non et nihil et reiciendis deserunt aut culpa.",1
"dog","Delectus fugiat debitis harum consequatur itaque voluptate.",1
"crocodilia","Nemo veniam ad sit quam voluptatibus expedita.",1
"snake","Et voluptates consequatur accusamus est facere minus quos sed.",1
"crocodilia","Molestiae et quia est sunt et asperiores.",1
"snake","Eos corporis sit commodi veritatis ullam natus quo.",1
"fish","Facere facilis aut ut quod id minus ut.",1
"rabbit","Aut sunt est esse.",1
"bear","Optio temporibus blanditiis nobis fugiat quisquam aliquam ad reiciendis quod.",1
"rabbit","Voluptate corrupti tenetur.",1
"lion","Et praesentium voluptas aut ut.",1
"bird","Dolor quae totam.",1
"bird","Sit maxime modi consequatur sapiente qui ex fugiat voluptate aspernatur.",1
"lion","Dolores quae ut aut quia placeat odit velit quo.",1
"insect","Ex voluptatum expedita asperiores consequatur magni dolor sint sunt.",1
"fish","Voluptatem saepe totam.",1
"snake","Aut inventore et tempore reprehenderit.",1
"crocodilia","Enim sequi officiis id dolorem eveniet vitae aut.",1
"crocodilia","Fugit iste non ut libero iste.",1
"insect","Enim minima est nemo illo molestias aut optio nostrum corrupti.",1
"snake","Molestiae harum aut doloribus deleniti excepturi quaerat est.",1
"crocodilia","Labore sequi minus officia natus dolorem iusto eaque ut et.",1
"cetacean","Quidem est totam occaecati hic.",1
"snake","Tempora quibusdam quo a neque velit natus eum.",1
"bird","Ut est esse.",1
"crocodilia","Qui commodi eum et.",1
"fish","Accusamus explicabo adipisci nam velit et consequatur quam veniam id.",1
"cow","Id delectus aut.",1
"cetacean","Iste enim similique qui suscipit.",1
"horse","Eius et aut.",1
"crocodilia","Illum ipsa cumque sint minus.",1
"dog","Unde iste vero provident est quisquam omnis illum rerum aut.",1
"cetacean","Numquam illo dolorem aliquid laudantium asperiores error quia quos.",1
"bird","Velit quod soluta enim minus delectus sunt qui.",1
"bear","Unde odit ipsum sint quia culpa ea enim cupiditate.",1
"dog","Aut nam qui consequuntur minus aut distinctio sequi repudiandae pariatur.",1
"cat","Deleniti expedita et praesentium aut sequi at ipsa.",1
"bear","Quaerat ab quasi quia quo repellendus.",1
"rabbit","Ducimus repellendus fugiat dolore saepe officiis dolores.",1
"fish","Nam quia minus.",1
"snake","Deserunt repellendus accusamus adipisci id delectus.",1
"bear","Quia quod dolores distinctio.",1
"crocodilia","Assumenda quia molestiae eius eaque id velit ea reprehenderit.",1
"cat","Labore aliquid perferendis velit dolorem fugiat a.",1
"cow","Nulla similique qui soluta quo voluptatem non ut praesentium est.",1
"dog","Nemo eum cumque quaerat nihil ipsum incidunt facilis.",1
"dog","Nesciunt itaque voluptates enim rerum.",1
"crocodilia","Nesciunt dolores fugiat enim minus molestiae.",1
"snake","Iure qui fugiat rerum optio sit enim.",1
"cow","Dolor consequuntur possimus voluptatem nostrum architecto quam provident ipsa.",1
"lion","Perferendis harum commodi et quam tempora.",1
"bear","Est optio fuga est sit vel est distinctio consequatur quaerat.",1
"bear","Odit enim deleniti accusamus rerum.",1
"crocodilia","Molestiae eos ut nobis ipsam praesentium.",1
"horse","Quaerat eos est architecto architecto fugiat ex ea occaecati qui.",1
"fish","Est atque voluptates sunt consequatur voluptate corporis non.",1
"snake","Perferendis eligendi ut eligendi exercitationem unde accusantium.",1
"cat","Repudiandae ea aliquid asperiores veniam.",1
"dog","Consequatur aperiam exercitationem.",1
"cetacean","Aut enim iure sunt assumenda omnis iure magnam.",1
"lion","Et ducimus cumque illum quis animi.",1
"horse","Enim et est voluptatem.",1
"rabbit","Aut et et veniam.",1
"cetacean","Non omnis tempore sint.",1
"bird","Et velit soluta ipsa ratione velit dolorum.",1
"bear","Sit molestiae vel.",1
"lion","Dolores est eligendi voluptatem.",1
"bird","Expedita quia mollitia error ullam et nihil.",1
"bear","Pariatur sequi nihil inventore.",1
"fish","Ut nobis vitae enim distinctio aliquam saepe eius.",1
"bird","Dolor nemo numquam magni voluptates odit eos.",1
"bird","Natus voluptatem voluptatem sit quibusdam libero et.",1
"cetacean","Enim aut odit quia et vitae omnis ex ut sit.",1
"dog","Natus corrupti ipsa laudantium et vero est cupiditate.",1
"cow","Optio ipsa qui rerum omnis quisquam ea.",1
"bear","Qui et et at eveniet consequuntur et sint rem aperiam.",1
"lion","Perferendis repudiandae vel sed aut.",1
"crocodilia","Nihil consequatur laborum voluptas numquam consequuntur at.",1
"fish","Vel amet rerum.",1
"bird","Similique magni est provident beatae sunt distinctio a.",1
"cetacean","Harum quibusdam quisquam ut.",1
"bird","Et excepturi dolores eos doloribus autem occaecati fugiat officiis omnis.",1
"insect","Cupiditate a similique eum quo.",1
"snake","Autem dolores ex temporibus aspernatur ipsam quos omnis odit velit.",1
"cow","Quia quibusdam amet.",1
"cow","Ut nemo porro architecto modi atque repudiandae velit consequuntur quia.",1
"cow","Autem nihil at accusamus et excepturi voluptatem aut et quaerat.",1
"fish","Tempora accusantium et.",1
"insect","Illum eligendi accusamus rerum laborum ea assumenda.",1
"cow","Veniam distinctio ut excepturi reiciendis itaque.",1
"bear","Ex reiciendis soluta laborum totam velit.",1
"bird","Dolorem accusamus quia ab omnis iure consectetur velit laudantium consequatur.",1
"crocodilia","Quibusdam quam sunt nihil.",1
"dog","Molestiae dolore veniam deserunt.",1
"horse","Consectetur qui consectetur rerum occaecati repudiandae autem nesciunt facilis.",1
"lion","Commodi consectetur dicta.",1
"lion","Vel quaerat quo et.",1
"cetacean","Et esse numquam ut accusantium ea omnis id at.",1
"snake","Eum dolore dolore et odio ex quia et voluptatem.",1
"dog","Asperiores nostrum odit.",1
"rabbit","Nostrum pariatur distinctio eveniet aut esse nesciunt facilis atque.",1
"cat","Dolorem illum debitis voluptas natus.",1
"cat","Quam amet nemo aut minus aut eum debitis voluptatem temporibus.",1
"cetacean","At et libero eius.",1
"cetacean","Iusto facilis et similique optio laboriosam et.",1
"lion","Est eius architecto aut in officia consequatur.",1
"cow","Vel quasi aut.",1
"crocodilia","Eveniet ut dolorum ex id tempore illum.",1
"snake","Consequatur provident eum recusandae repellat et fugiat.",1
"lion","Quibusdam aut sequi dignissimos enim quos nulla.",1
"dog","Aliquam ratione eaque labore fugit eligendi ipsa.",1
"cow","Et eos inventore reprehenderit culpa unde dolorem libero.",1
"lion","Dolorem explicabo voluptas unde aspernatur rerum cumque autem sint.",1
"horse","Doloremque reiciendis doloribus eum.",1
"rabbit","At quos quasi nihil libero numquam illum.",1
"bear","Dolores consequatur et eius est nulla nihil ducimus sapiente.",1
"dog","Quo est labore et quasi qui consequuntur ea.",1
"dog","Minima cum ullam dolorem temporibus dolore est repudiandae.",1
"cow","Numquam natus quidem explicabo nihil ea nam in.",1
"fish","Consequuntur corrupti et qui quibusdam sequi quia delectus nihil ea.",1
"cow","Ullam aut ut laboriosam itaque quam optio et.",1
"cat","Ipsum voluptas accusamus enim ipsa.",1
"cow","Necessitatibus molestiae veritatis.",1
"horse","Ullam tempore suscipit eos distinctio non veniam ad.",1
"bear","Eligendi aut beatae.",1
"insect","Deleniti culpa cupiditate fuga.",1
"crocodilia","Fuga cupiditate iste quasi esse doloribus ut.",1
"bird","Laudantium eligendi non aspernatur.",1
"cow","Saepe nam dolore ut deserunt.",1
"crocodilia","Aperiam voluptatibus error harum iure.",1
"bird","Ducimus omnis alias laborum non qui reiciendis et et enim.",1
"rabbit","Ex et animi sed soluta dolore velit suscipit ipsum.",1
"lion","Porro aspernatur magnam exercitationem molestias inventore nihil iusto et.",1
"cetacean","Eligendi sint pariatur non totam id voluptas.",1
"snake","Est repellat explicabo animi.",1
"bear","Quae nobis cumque vel voluptatem.",1
"cat","Pariatur sunt fuga a cum neque.",1
"snake","Iure aut eligendi.",1
"bear","Et ut cum hic perspiciatis harum perferendis quis.",1
"bird","Blanditiis qui enim vero voluptas consequatur ut quam.",1
"insect","Aut vel laborum.",1
"lion","Beatae repellendus ea autem ad.",1
"cow","Doloribus et occaecati nostrum recusandae aliquam soluta tempore.",1
"fish","Eos et facere dolorem ducimus.",1
"bird","Odit modi tempora.",1
"fish","Ullam veritatis in quasi nihil ex.",1
"insect","Reprehenderit corrupti enim saepe doloribus earum similique voluptatem corporis.",1
"rabbit","Est cumque voluptas natus excepturi qui.",1
"dog","Non commodi consequatur voluptas laborum aut voluptatem commodi commodi.",1
"snake","Dolore suscipit consectetur molestiae.",1
"lion","Magni repudiandae sint nesciunt a.",1
"insect","Sunt aut maxime dolorem in placeat molestiae.",1
"cat","Unde fugit est et asperiores est tenetur.",1
"rabbit","Vero voluptas laborum aperiam quia.",1
"cat","Quia animi voluptas officiis omnis.",1
"cetacean","Dolores odio error et voluptas.",1
"lion","Ipsam iure sapiente.",1
"fish","Hic provident sunt est eaque odio modi impedit laborum.",1
"lion","Est voluptatem odio consequatur consequatur est ratione optio qui.",1
"insect","Inventore at omnis enim.",1
"snake","Quibusdam suscipit quo rerum illum veniam in expedita ut.",1
"bird","Voluptates repellendus est.",1
"horse","Ut ab impedit hic est.",1
"bear","Aut aliquam fugit aut.",1
"cat","Aut consequuntur et nobis consequatur possimus explicabo delectus.",1
"insect","Ad blanditiis placeat perspiciatis.",1
"snake","Ducimus numquam minima animi cumque impedit.",1
"crocodilia","Accusamus blanditiis mollitia fuga fugit et repudiandae.",1
"cetacean","Deserunt quibusdam est autem in.",1
"bear","Qui illum consequuntur explicabo molestiae quibusdam.",1
"rabbit","Quia vero voluptates id omnis et labore harum laudantium iusto.",1
"dog","Velit sunt provident ratione enim consequatur.",1
"insect","Placeat repellendus ut dignissimos.",1
"rabbit","Ex quod libero.",1
"cow","Exercitationem dicta nostrum distinctio et omnis id ex voluptates.",1
"snake","Assumenda optio commodi.",1
"bird","Id consequatur qui neque illum.",1
"lion","Totam ipsa consequuntur.",1
"cetacean","Nemo quia et aut quia sint laboriosam eos libero.",1
"bird","Veritatis iste sit.",1
"horse","Cupiditate quaerat molestias facilis quae non dolor alias.",1
"lion","Inventore temporibus rerum eaque voluptatem debitis enim minima voluptate.",1
"cow","Earum voluptas dolorem temporibus.",1
"snake","Beatae optio ipsa illum.",1
"crocodilia","Laborum aliquid excepturi enim provident perspiciatis incidunt ea quo.",1
"cow","Qui unde sint cum ut.",1
"cetacean","Non culpa vero eum odit et quis.",1
"cow","Eos repudiandae nobis recusandae.",1
"dog","Et magni hic temporibus provident dolores.",1
"horse","Sint suscipit et qui est.",1
"snake","Est vero quis molestiae dicta.",1
"rabbit","Cupiditate quia labore fuga omnis nam dicta pariatur ut.",1
"cetacean","Ab natus porro voluptas.",1
"rabbit","Consequatur adipisci non nostrum eos nostrum sed commodi.",1
"cat","Deserunt ipsa et est aliquam labore ut quos minima.",1
"horse","Totam iure eius praesentium et doloribus quisquam.",1
"horse","Et sequi temporibus.",1
"bird","Aut quod consequatur illum officia ea quas ut.",1
"dog","Exercitationem laborum consectetur rerum dolorem rerum.",1
"cow","Corrupti magnam aut error.",1
"cow","Ut deserunt perferendis.",1
"bear","Minima quia eveniet quibusdam odit dignissimos id eligendi enim.",1
"snake","Quos dolor et expedita et sint voluptas quaerat.",1
"cetacean","Tenetur ullam commodi illum laborum.",1
"lion","Consectetur reprehenderit explicabo iusto veritatis quam est.",1
"cetacean","Voluptatibus necessitatibus odit explicabo.",1
"dog","Qui fugit blanditiis earum qui.",1
"crocodilia","Ullam sequi et velit.",1
"lion","Eos eligendi adipisci et aperiam consequatur voluptatem esse error quisquam.",1
"insect","Repellat deserunt cum ut.",1
"cetacean","Esse ab quia hic numquam ut quis dolorem et.",1
"fish","Voluptates occaecati enim dolores labore porro ut.",1
"bird","Asperiores sed molestiae modi odio enim aperiam sit est saepe.",1
"insect","Voluptas dolores aut labore deleniti quia perspiciatis.",1
"cat","Rerum molestias dolorem dolore non sunt quam.",1
"cow","Consequuntur aliquam eos molestiae natus sequi blanditiis enim accusamus facere.",1
"dog","Dolorem sunt aut et ab velit consectetur.",1
"snake","Impedit consequatur voluptas quo error cum.",1
"cat","Ut officia sit distinctio.",1
"crocodilia","Laudantium ea debitis laborum facere culpa.",1
"cetacean","Id eaque maxime alias quis voluptatibus.",1
"fish","Perferendis autem facilis quo enim aliquid rerum.",1
"cetacean","Qui repudiandae accusantium.",1
"cat","Sed nostrum assumenda non dolore vel quaerat esse quaerat.",1
"insect","Molestias asperiores laboriosam quis exercitationem.",1
"bird","Ducimus nesciunt atque accusamus ut.",1
"crocodilia","Laborum qui atque qui et accusamus.",1
"cetacean","Dolor dolores in culpa consequatur inventore dolore architecto.",1
"insect","Libero distinctio iure quisquam fugit labore dolorum.",1
"bear","Quae in similique tempora aut necessitatibus aut odio.",1
"lion","Sequi et nisi qui.",1
"cat","Cumque aliquid aut sint voluptatibus et facilis et iusto magnam.",1
"snake","Aliquid placeat ab esse.",1
"cat","Rerum rerum consequatur iure dolorem sit ex natus.",1
"lion","Hic consequatur qui assumenda.",1
"lion","Pariatur rerum est.",1
"bird","Omnis iure omnis veniam et dicta nisi autem aliquam.",1
"cetacean","Maxime ut sint ipsa magni inventore praesentium soluta ducimus.",1
"cetacean","Et consectetur et autem.",1
"cetacean","Sequi et et aut esse quidem commodi culpa.",1
"lion","Ipsam dolorum quia quia ex.",1
"lion","Magnam doloremque sed animi sunt voluptates perferendis corrupti et.",1
"insect","Iusto saepe odio.",1
"fish","Placeat maiores quia et rerum quis.",1
"crocodilia","Beatae non odio odit non.",1
"cat","Ea nihil tempora vitae et eligendi nam quae dolore unde.",1
"horse","Beatae est consectetur.",1
"snake","Autem et distinctio expedita omnis.",1
"crocodilia","Dolor sunt odio at aliquam recusandae illo cupiditate et.",1
"cow","Voluptatem quo quis necessitatibus earum exercitationem sit laborum.",1
"bird","Velit eos cupiditate cumque.",1
"cetacean","Quo explicabo veniam et perferendis quia aperiam aut placeat quisquam.",1
"horse","Quis minus et dolore ea nemo.",1
"horse","Rerum nobis molestiae reiciendis quia culpa.",1
"insect","Nisi ut blanditiis blanditiis cupiditate sed alias odit dolor sit.",1
"lion","Sapiente magnam repudiandae explicabo.",1
"lion","Necessitatibus ut et sapiente laborum.",1
"bird","Assumenda est itaque autem neque reiciendis molestiae sunt magnam.",1
"horse","Autem labore expedita corporis.",1
"fish","Quia ut laudantium.",1
"bird","Accusantium quod rem exercitationem neque in.",1
"cow","Aut et sequi nam et earum cum.",1
"dog","Facilis necessitatibus illum nostrum ipsam eum incidunt.",1
"rabbit","Blanditiis et dolore soluta facilis libero.",1
"snake","Quis dolorem sed sit.",1
"bird","Ratione veritatis iusto nihil.",1
"rabbit","Similique illum enim omnis.",1
"cow","Voluptatem dolor natus cumque.",1
"insect","Itaque dolores quo ipsum non.",1
"dog","Provident quod at vitae at quos qui ratione quas minima.",1
"bear","Alias voluptas harum sint modi nisi.",1
"dog","Iusto blanditiis voluptas minima ipsa.",1
"cow","Ipsum numquam voluptatem reprehenderit delectus.",1
"crocodilia","Deserunt dicta qui qui expedita.",1
"fish","Enim sequi voluptatibus aut repellendus est sit quidem.",1
"crocodilia","Et esse molestias corporis facilis cumque quam minus voluptas nisi.",1
"cow","Et quo rerum.",1
"lion","Minima in voluptatem.",1
"cat","Quae est consequatur ad qui vel quia magni occaecati nam.",1
"lion","Molestiae dolorum accusamus et ut aut consequatur.",1
"cow","Facilis excepturi dolores magnam.",1
"bear","Quo debitis placeat nulla distinctio doloribus rerum.",1
"rabbit","Est et expedita dolorum deleniti mollitia.",1
"cat","Id totam eveniet.",1
"cow","Nobis et error non quia a ea.",1
"snake","Est voluptatem facilis minima sed.",1
"cetacean","Qui ipsam corporis nam et voluptatibus et.",1
"cow","Ratione optio voluptatem velit soluta nisi iure.",1
"fish","Recusandae cumque praesentium accusantium itaque exercitationem libero earum.",1
"insect","Autem totam sint dolores consequatur sunt minima non accusantium.",1
"bird","Sit dolorem quos itaque ut ea.",1
"bear","Soluta nesciunt ea qui.",1
"horse","Sint fugit sit quam sit labore dolore.",1
"fish","Explicabo eos dolore aperiam.",1
"bird","Qui vitae nisi repellendus sapiente velit.",1
"dog","Unde et consequatur quia rem atque.",1
"cat","Fugiat ea veniam nihil.",1
"cat","Architecto dolores quod soluta blanditiis et voluptatem.",1
"cow","Nihil dicta hic cum voluptas dolorem quis aut.",1
"insect","Voluptatum provident impedit magni numquam totam placeat quae perspiciatis aperiam.",1
"bear","Debitis minus voluptatem iste nihil quia ab voluptates consequatur.",1
"dog","Sit placeat quia nesciunt sit odio praesentium voluptatem.",1
"cetacean","Minus voluptatem consequuntur dolor neque adipisci exercitationem quasi numquam.",1
"rabbit","Aperiam nam voluptate.",1
"crocodilia","Voluptatibus totam debitis.",1
"rabbit","Veniam ipsam id adipisci.",1
"cow","Modi maxime odio dolor.",1
"rabbit","Beatae iure assumenda voluptas dolores.",1
"bird","Asperiores facilis et.",1
"crocodilia","Beatae quis rem et a et aut.",1
"insect","Reiciendis ut distinctio dolorem dolorem vero eaque est.",1
"bear","In ut accusamus nostrum sint atque repellendus.",1
"cat","Beatae dolore voluptatibus quis.",1
"cetacean","Vero laboriosam iste rem odit.",1
"rabbit","Adipisci sint laborum est expedita dolore.",1
"rabbit","Consequuntur omnis non consectetur illum.",1
"bird","Iusto vel magni iusto.",1
"bear","Quis ipsam ipsa et quis impedit quaerat doloremque nostrum.",1
"cow","Iure perferendis ut.",1
"insect","Occaecati omnis ipsam quia doloribus.",1
"bird","Et id eveniet et quia culpa unde eveniet.",1
"insect","Explicabo saepe harum cupiditate ut hic.",1
"insect","Accusantium voluptatum et aliquid ratione totam.",1
"insect","Distinctio tenetur quae corporis harum alias quasi et.",1
"cat","Perferendis tempore deleniti atque totam.",1
"dog","Nam in consequatur error odit harum itaque tenetur ut ab.",1
"cetacean","Dignissimos sunt qui porro vel possimus autem qui iusto.",1
"bear","Quae inventore molestias perferendis vel et cum nostrum porro doloremque.",1
"bird","Eos reiciendis et magni quis vel magni.",1
"crocodilia","Et et quia commodi optio est et est.",1
"bear","A et velit voluptatum quia hic necessitatibus dolorem odit.",1
"fish","Non quis maiores saepe dignissimos.",1
"snake","Omnis dicta deserunt dignissimos laborum quas maiores.",1
"horse","At aut architecto asperiores cupiditate velit dolor dolorem et quae.",1
"cetacean","Non sunt qui.",1
"horse","Qui ut ut fuga et aperiam voluptatem et praesentium.",1
"bird","Iure consequatur similique aut officiis error natus voluptatem.",1
"bear","Nulla at aut rerum accusamus non ea.",1
"cow","Modi qui repudiandae ut qui ab commodi.",1
"rabbit","Veritatis deserunt veritatis saepe velit quos saepe unde ut saepe.",1
"fish","Veniam sunt maxime.",1
"cetacean","Nihil dolorem rerum officiis et aperiam.",1
"lion","Et enim aut fugit tempore.",1
"horse","Qui dolorem ducimus.",1
"lion","Hic iste quam ad deleniti consequatur saepe eaque omnis.",1
"rabbit","Quod est quis omnis ad magnam perspiciatis minima fugiat facilis.",1
"insect","Voluptas minima accusamus.",1
"rabbit","Consequatur consequatur aliquam.",1
"dog","Consectetur culpa ut architecto.",1
"lion","Dolorem autem neque velit quia ut eligendi eveniet.",1
"cow","Dolores et et.",1
"cetacean","Tenetur voluptatibus velit error omnis qui quae.",1
"snake","Qui excepturi saepe ipsam soluta.",1
"insect","Dolor deserunt alias assumenda alias non impedit aliquam veniam eveniet.",1
"cetacean","Molestiae sunt modi autem qui ex expedita a.",1
"bird","Qui soluta excepturi dignissimos molestiae similique.",1
"lion","Dolore eveniet sit voluptatem repellendus eligendi explicabo incidunt recusandae temporibus.",1
"cetacean","Sint sed culpa ipsum.",1
"bird","Et quia ut ducimus optio.",1
"bird","Voluptatem et cumque vel.",1
"bear","Incidunt at dolore.",1
"bear","Dolorem beatae laudantium optio libero quia.",1
"cat","Quos ratione tenetur.",1
"bird","Qui odio officiis.",1
"cetacean","Possimus vero voluptas ipsum et est at.",1
"lion","Sunt cupiditate delectus fugiat rerum esse qui pariatur.",1
"cat","Dolor dolore impedit sint quia accusantium nesciunt perferendis.",1
"fish","Temporibus accusantium ab amet.",1
"cetacean","Corporis placeat maxime repellat magni voluptatum.",1
"dog","Et tempore numquam.",1
"bear","In et quia officiis ut dolores accusamus nobis ea praesentium.",1
"insect","Nostrum illo maxime fugit qui ut quia quibusdam eos aut.",1
"cow","Rerum voluptas dolor ab architecto laudantium nihil laboriosam.",1
"crocodilia","Aut est in.",1
"crocodilia","Quam quidem est recusandae illum nam.",1
"crocodilia","Ducimus atque qui ipsum sunt.",1
"bear","Quo placeat et aut perferendis dolorem.",1
"snake","Maxime possimus quia.",1
"dog","Sapiente sit recusandae quis quasi veritatis.",1
"snake","Perferendis ut cumque omnis.",1
"dog","Deleniti excepturi est dolor minus magni autem voluptas.",1
"cow","Perferendis ipsam id dolorem vel est.",1
"cow","Velit ex corrupti error odit molestias tenetur sunt totam.",1
"lion","Odit fugit aspernatur debitis facilis dolorem.",1
"cow","Et et esse fugit eos ea soluta veritatis.",1
"insect","Facilis voluptas sapiente.",1
"rabbit","Minus reprehenderit modi impedit dolor labore incidunt dicta.",1
"crocodilia","Fuga ut aut fugit quisquam.",1
"bear","Magnam doloribus voluptatum magni.",1
"cetacean","Modi amet autem velit recusandae cumque.",1
"horse","Autem voluptatem sit blanditiis adipisci sed.",1
"horse","Itaque est dolore occaecati iusto nisi ipsam modi.",1
"rabbit","Esse dolore nobis numquam non.",1
"horse","Sit est cumque.",1
"insect","Maxime omnis dicta ullam nihil enim.",1
"fish","At vel fugiat nisi cupiditate sed expedita alias.",1
"fish","Molestias qui neque aut molestiae.",1
"dog","Sit asperiores ipsa veritatis qui saepe ad qui est.",1
"lion","Enim eligendi corporis non ut dolores harum dicta.",1
"insect","Quas molestias voluptas quis inventore.",1
"fish","Officia nihil saepe nemo omnis ut enim omnis.",1
"cetacean","Unde qui velit rerum sed quis eius nesciunt doloribus dolores.",1
"horse","Rem id autem totam commodi cumque laudantium animi labore sint.",1
"cat","Error praesentium quis possimus consequuntur aliquam quis deserunt unde non.",1
"fish","Ea nihil nam aut quis repellat explicabo sed accusamus.",1
"cat","Commodi aut omnis non eum incidunt culpa qui accusamus explicabo.",1
"fish","Vero voluptatem quo et quia molestias rerum ipsum ipsum inventore.",1
"insect","Sequi sint eius quod est deserunt quia dolore laudantium.",1
"bird","Iste eos voluptatibus repellendus eligendi quas voluptas.",1
"horse","Pariatur aliquam ipsum ipsa eligendi illum.",1
"rabbit","Est ex blanditiis eligendi quis nesciunt sit et fuga.",1
"bird","Ad cupiditate sit voluptatem molestias quasi.",1
"cetacean","Est quia sed facere et illo illum.",1
"lion","Deleniti in in voluptatem.",1
"lion","Impedit recusandae recusandae consequatur consequatur officia.",1
"horse","Nisi qui animi.",1
"snake","Illum accusamus veritatis qui.",1
"fish","Ratione labore et qui voluptatem illum accusantium quae quo est.",1
"horse","Et totam dolores repellat voluptates et maiores inventore aut sint.",1
"dog","Sint et alias.",1
"rabbit","Odio et aut fugiat.",1
"dog","Itaque quod in molestiae corporis alias est.",1
"lion","Ut aperiam aliquid.",1
"insect","Et libero ipsam quidem et sed soluta qui et ducimus.",1
"cow","Ullam voluptatem explicabo qui et voluptas ut eos laborum dolore.",1
"lion","Nihil et minima est quidem laborum porro aut.",1
"cetacean","Qui vel autem consequatur facere sit ut deserunt dolorem.",1
"bear","Eius accusantium consequuntur labore vel dolore.",1
"cow","Sed ut explicabo cum natus dicta.",1
"lion","Vitae minima et non.",1
"bird","Dicta sit non est id odio amet quia.",1
"cat","Saepe necessitatibus enim.",1
"dog","Neque aspernatur minus et recusandae eligendi tenetur aut repellendus.",1
"dog","Debitis ratione aut quos atque hic rerum sit.",1
"lion","Quibusdam eos fugit minus dolorem.",1
"horse","Iste sit ut odio aut ratione.",1
"dog","Suscipit distinctio eum sed dicta beatae nihil.",1
"cat","Harum sequi architecto veritatis error debitis voluptas sint.",1
"snake","Laborum neque ullam distinctio earum aliquam pariatur aperiam.",1
"bird","Possimus tenetur cumque.",1
"bear","Inventore natus maxime aut libero.",1
"cat","Vero tempora porro aut.",1
"bird","Enim ad sequi dolor enim adipisci minima non enim blanditiis.",1
"horse","Sit non quod sapiente nisi accusamus quod repellendus.",1
"insect","Consequatur dolor enim aut aperiam iste eius assumenda.",1
"rabbit","Animi voluptas in voluptatem.",1
"crocodilia","Sint rerum aliquam dolores.",1
"horse","Sed reprehenderit esse nostrum.",1
"cow","Sequi quam deleniti sit et maxime ut.",1
"rabbit","Eligendi consectetur doloremque et est quis nulla non eos.",1
"horse","Et nihil facere expedita.",1
"cetacean","Qui eum in iure.",1
"cetacean","Rerum velit doloremque in quis maiores officia dolorem magni et.",1
"insect","Tempora nulla veritatis quia rerum blanditiis quam quasi dolores.",1
"cow","Veritatis reiciendis aut repudiandae autem molestias doloremque.",1
"lion","Consectetur qui est veniam qui.",1
"lion","Est porro cum natus laudantium dolor et temporibus.",1
"bird","Minus ea et beatae laboriosam in voluptatum.",1
"insect","Ipsam incidunt nobis labore dolorem doloremque similique quia.",1
"dog","Dolorem aliquam dolor maiores sequi sit quos assumenda.",1
"cow","In earum sit et ipsam pariatur consequatur nihil.",1
"cat","Illum assumenda ut eligendi sint numquam ut laborum eligendi sunt.",1
"snake","Repudiandae molestias est saepe animi eos et laborum.",1
"cat","Nemo iusto aliquam.",1
"crocodilia","Non reprehenderit temporibus molestias fugit.",1
"cow","Laboriosam eligendi ratione consequatur.",1
"snake","Sunt eveniet autem.",1
"rabbit","Reiciendis voluptatem et autem tempore enim at.",1
"rabbit","Amet deleniti et.",1
"crocodilia","Eaque et magni doloremque placeat non mollitia reprehenderit a.",1
"rabbit","In est perspiciatis ea et cupiditate.",1
"horse","Earum et et eius repellendus natus nemo vel quis.",1
"cetacean","Inventore numquam commodi sed.",1
"crocodilia","Atque pariatur nam explicabo.",1
"cetacean","Provident quo nisi.",1
"cow","Corporis culpa aspernatur quae tenetur at eos aut numquam eum.",1
"lion","Quaerat atque qui adipisci doloremque nihil placeat.",1
"cow","Iure alias est cumque explicabo magni perferendis.",1
"insect","Natus vero nisi aperiam culpa.",1
"bear","Earum non harum id necessitatibus quo iure vero.",1
"bear","Dolores id enim saepe.",1
"rabbit","Vitae impedit voluptas.",1
"rabbit","Deleniti aut non ex.",1
"horse","Quas tenetur et eius quod culpa.",1
"lion","Quos nihil repellat.",1
"cow","Totam suscipit suscipit sint neque consequatur.",1
"fish","Ducimus veniam fuga consequatur consequatur aut quos enim.",1
"bird","Sit sed explicabo quia et architecto.",1
"bear","Quisquam nesciunt eos rerum et alias error qui.",1
"crocodilia","Ipsum veniam deleniti eos deleniti sequi.",1
"bird","Voluptatum esse facere laborum voluptatibus atque debitis.",1
"snake","Qui nulla praesentium at.",1
"cat","In quis quis a quas doloremque officia.",1
"snake","Qui aliquid voluptatem.",1
"cetacean","Error natus adipisci aspernatur dignissimos quibusdam aliquid dignissimos sit quas.",1
"bird","Expedita voluptatem reprehenderit.",1
"cow","Voluptatem voluptatem minima reprehenderit rerum officiis ratione et sit voluptate.",1
"cow","Perspiciatis reprehenderit facere tempora rerum reprehenderit asperiores voluptate.",1
"bear","Ad sed id at sequi odit harum aperiam sit explicabo.",1
"crocodilia","Quo esse libero blanditiis consequuntur quaerat impedit veniam iure.",1
"bird","In suscipit maxime beatae sequi.",1
"bird","Doloribus amet quo.",1
"cat","Odio mollitia quas velit ea architecto repudiandae delectus nihil necessitatibus.",1
"cat","Aut dolores distinctio qui inventore.",1
"snake","Dolores fugiat aliquid eum saepe.",1
"lion","Officia expedita eius placeat et reprehenderit et sed.",1
"snake","Accusamus a voluptatem quidem ipsam corrupti omnis.",1
"insect","Cum autem officiis omnis delectus molestias.",1
"snake","Et iusto vel assumenda culpa qui dicta molestias.",1
"cat","Quasi molestias nemo quis nemo est consectetur.",1
"snake","Hic et a libero delectus.",1
"rabbit","Excepturi facilis fuga fugiat eum odit.",1
"cetacean","Minus quia quo qui.",1
"cetacean","Voluptates molestiae a accusantium alias architecto exercitationem non.",1
"cat","Laudantium culpa asperiores sint et magni et soluta quo sapiente.",1
"crocodilia","Quia sed et ut hic.",1
"insect","Aliquam et vero vel impedit et alias aliquam.",1
"horse","Iure delectus in aut quaerat qui sed facilis.",1
"insect","Natus voluptatem nesciunt ut.",1
"snake","Beatae tempora numquam eveniet et reiciendis.",1
"snake","Voluptas est et sed perspiciatis omnis numquam quia minus.",1
"cetacean","Voluptate eos cumque.",1
"lion","Architecto et delectus placeat sit voluptatem et nesciunt rerum.",1
"dog","Distinctio tempora assumenda enim libero.",1
"dog","Qui amet cumque aut rem animi et quis.",1
"horse","Ut deserunt qui sunt excepturi et.",1
"snake","Ut commodi voluptas rerum ipsum.",1
"cat","Dolore illo ducimus est at veniam et.",1
"fish","Ea sit necessitatibus in.",1
"cetacean","Iste tempora neque nihil soluta voluptas officiis vel.",1
"bear","Itaque voluptas magnam reprehenderit autem.",1
"cetacean","Quae voluptate est alias perferendis voluptate et quasi.",1
"crocodilia","Qui autem qui sed illo.",1
"dog","Pariatur esse iure perspiciatis illum sed.",1
"bird","Ut qui porro eum provident inventore necessitatibus possimus corporis.",1
"fish","Alias autem non et velit est nam ut saepe.",1
"bear","Occaecati autem ipsam cum ut repellat eum.",1
"bear","Id iusto quas ut labore.",1
"cetacean","Ex quam qui similique.",1
"horse","Voluptates harum assumenda velit optio repellat facere architecto consequatur.",1
"fish","Quam soluta ratione quibusdam commodi error.",1
"snake","Porro quia alias natus voluptatem aperiam expedita hic assumenda voluptatem.",1
"rabbit","Impedit provident voluptates esse.",1
"cetacean","Et consectetur et sequi rem nihil eveniet magnam.",1
"dog","Odio vel corporis et ut.",1
"insect","Quidem dolores culpa quo eius.",1
"rabbit","Minus ea dolore.",1
"crocodilia","Consequuntur magni et quos eius et pariatur fuga harum.",1
"lion","Cupiditate eum laboriosam voluptates id enim facere reiciendis.",1
"lion","Velit et mollitia mollitia.",1
"horse","Iste quis qui hic placeat veniam doloremque quibusdam.",1
"lion","Et laudantium blanditiis assumenda aut.",1
"fish","Explicabo et nesciunt in quod ipsum cupiditate accusamus nihil et.",1
"snake","Praesentium nam neque aut cupiditate maiores voluptas.",1
"fish","Repudiandae dolores illo aperiam qui.",1
"bear","Dignissimos odio sint omnis eveniet ullam unde.",1
"bear","Non magni animi voluptatem.",1
"horse","Sed velit corporis dolor.",1
"cow","Provident ut aut est aut ullam.",1
"rabbit","Ut ut nam.",1
"snake","Est placeat ut tenetur aut.",1
"fish","Deleniti alias cum velit voluptas nesciunt nostrum delectus.",1
"dog","A corrupti id maxime magni sed eligendi distinctio.",1
"insect","Est accusantium quos qui rerum libero quibusdam fugiat doloribus.",1
"dog","Recusandae expedita quasi.",1
"bear","Nisi quia magni.",1
"lion","Architecto neque aliquam consequuntur quibusdam molestiae ipsam rem natus.",1
"cow","Non debitis rerum ipsam.",1
"Lion","Majestic feline predator",1
"Elephant","Gentle giant with a trunk",1
"Giraffe","Tall herbivore with a long neck",1
"Panda","Black and white bear native to China",1
"Kangaroo","Hoppy marsupial from Australia",1
"Cheetah","Speedy spotted cat",1
"Dolphin","Intelligent marine mammal",1
"Tiger","Striped carnivore with a roar",1
"Hippopotamus","Massive herbivore with powerful jaws",1
"Penguin","Flightless bird with a tuxedo",1
"Gorilla","Powerful and intelligent ape",1
"Zebra","Striped equine from Africa",1
"Koala","Cuddly marsupial with a preference for eucalyptus",1
"Ostrich","Tall flightless bird with strong legs",1
"Snake","Slithering reptile with scales",1
"Chimpanzee","Close relative to humans",1
"Flamingo","Elegant wading bird with pink plumage",1
"Rhino","Massive herbivore with a horn",1
"Sloth","Slow-moving tree-dweller",1
"Eagle","Majestic bird of prey",1
"Hedgehog","Spiky little mammal",1
"Penguin","Flightless bird with a tuxedo",1
"Polar Bear","Arctic bear adapted to cold climates",1
"Squirrel","Furry rodent with a bushy tail",1
"Pangolin","Scaly anteater from Africa",1
"Jaguar","Spotted big cat with a powerful bite",1
"Peacock","Colorful bird with an impressive tail",1
"Koala","Cuddly marsupial with a preference for eucalyptus",1
"Meerkat","Small mammal known for standing upright",1